gdpPercap_1952,gdpPercap_1957,gdpPercap_1962,gdpPercap_1967,gdpPercap_1972,gdpPercap_1977,gdpPercap_1982,gdpPercap_1987,gdpPercap_1992,gdpPercap_1997,gdpPercap_2002,gdpPercap_2007
2480.380334,2961.800905,3536.540301,4421.009084,5364.249663,5351.912144,7009.601598,7034.779161,6618.74305,7113.692252,7356.031934,9809.185636
