country,gdpPercap_1952,gdpPercap_1957,gdpPercap_1962,gdpPercap_1967,gdpPercap_1972,gdpPercap_1977,gdpPercap_1982,gdpPercap_1987,gdpPercap_1992,gdpPercap_1997,gdpPercap_2002,gdpPercap_2007,Total
Canada,11367.16112,12489.95006,13462.48555,16076.58803,18970.57086,22090.88306,22898.79214,26626.51503,26342.88426,28954.92589,33328.96507,36319.23501,268928.9561
Costa Rica,2627.009471,2990.010802,3460.937025,4161.727834,5118.146939,5926.876967,5262.734751,5629.915318,6160.416317,6677.045314,7723.447195,9645.06142,65383.32935
Cuba,5586.53878,6092.174359,5180.75591,5690.268015,5305.445256,6380.494966,7316.918107,7532.924763,5592.843963,5431.990415,6340.646683,8948.102923,75399.10414
Haiti,1840.366939,1726.887882,1796.589032,1452.057666,1654.456946,1874.298931,2011.159549,1823.015995,1456.309517,1341.726931,1270.364932,1201.637154,19448.87147
Jamaica,2898.530881,4756.525781,5246.107524,6124.703451,7433.889293,6650.195573,6068.05135,6351.237495,7404.923685,7121.924704,6994.774861,7320.880262,74371.74486
Mexico,3478.125529,4131.546641,4581.609385,5754.733883,6809.40669,7674.929108,9611.147541,8688.156003,9472.384295,9767.29753,10742.44053,11977.57496,92689.3521
Panama,2480.380334,2961.800905,3536.540301,4421.009084,5364.249663,5351.912144,7009.601598,7034.779161,6618.74305,7113.692252,7356.031934,9809.185636,69057.92606
United States,13990.48208,14847.12712,16173.14586,19530.36557,21806.03594,24072.63213,25009.55914,29884.35041,32003.93224,35767.43303,39097.09955,42951.65309,315133.8162
